,review,actual_sentiment,predicted_sentiment
0,"Esta bueno, lo recomiendo.",Positive,Positive
1,"Relaci√≥n precio calidad, excelente!!.",Positive,Positive
2,"Es un celular muy completo, lo √∫nico que no me gusta es que la bater√≠a le dura apenas un d√≠a pero lo dem√°s es muy lindo.",Positive,Positive
3,"Insuperable relaci√≥n calidad precio, inmejorable oferta para quien hoy busque un inal√°mbrico de alta gama con un precio muy bajo.",Positive,Positive
4,Excelente equipo. Gracias.,Positive,Positive
5,"Llevo una semana us√°ndolo y hasta ahora todo bien, me gusta mucho el celu.",Positive,Positive
6,"Hola, la verdad me gusto, el procesador es r√°pido, tiene muy buena c√°mara.
Viene con manos libres, el templado y funda. Esta muy bueno. Lo recomiendo.",Positive,Positive
7,"Excelente, producto era lo que esperaba.",Positive,Positive
8,"Relaci√≥n precio-calidad muy conforme.
No es para uso rudo los materiales se sienten fr√°giles, pero cumplen su funci√≥n.",Positive,Positive
9,Funciona muy bien.,Positive,Positive
10,En relaci√≥n precio calidad excelente. Aunque cada vez m√°s abaratan los costos y se nota mucho. En este producto por ejemplo le sacaron el detector de huellas. Algo indispensable hoy en d√≠a con lo com√∫n que es.,Positive,Negative
11,Excelente! lo recomiendo!.,Positive,Positive
12,"Excelente modelo. Muy buena calidad la definici√≥n de las fotos. La parte posterior tiene una textura diferente, me encanta. Personalmente uso mucho el celular, hago videollamadas largas, unos de redes etc. No me dura la bater√≠a m√°s de un d√≠a.",Positive,Positive
13,Muy buen producto!!! recomendable.,Positive,Positive
14,No anda.,Negative,Negative
15,"Excelente producto, de f√°cil instalaci√≥n y configuraci√≥n.
Buen alcance de se√±al.",Positive,Positive
16,Mb.,Positive,Positive
17,"Bueno, falta que marque los km recorridos como las anteriores.",Positive,Negative
18,Recomendable.,Positive,Positive
19,"Muy bueno, carga mi iphone x del 20% al 100% en 45min, compren en lugares oficiales, como macstation.",Positive,Positive
20,"Mi producto me parece muy bueno, el √∫nico defecto que le encuentro es que me cuesta mucho tomar captura de pantalla , me es casi imposible, y no encuentro la forma de hacerlo.",Positive,Positive
21,"Buen d√≠a, todav√≠a no lo voy a usar, es para hacer un regalo, por lo tanto no sabr√≠a decir como funciona, en cuanto lo ponga en funcionamiento me comunico. Muchas gracias.",Positive,Positive
22,Excelente me encanto.,Positive,Positive
23,Bueno!!.,Positive,Positive
24,"Exelente es lo que esperaba ,el color magenta es hermoso üòç.",Positive,Positive
25,Normal.,Positive,Positive
26,Excelente.,Positive,Positive
27,Me gusto mucho. Me esta dictabdo mi sra porque se lo regale. Yo no lo use. Dice que muy bonito. Y quiere usarlo para sesion de fotos hot.,Positive,Positive
28,Muy bueno.,Positive,Positive
29,Excelente producto lo recomiendo.,Positive,Positive
30,Muy buena calidad üëåüèª excelente gracias.,Positive,Positive
31,"Excelente producto, recomendado üëåüèª.",Positive,Positive
32,"Mis requisitos para comprar un celular era que fuera samsung, con mucho espacio y econ√≥mico, este fue el mejor que encontr√© que cumpl√≠a con ello, estoy encantada con √©l, funciona muy bien üëåüèª.",Positive,Positive
33,Excelente!.,Positive,Positive
34,Excelente.,Positive,Positive
35,Adecuado para lo que necesitaba. Tard√© un poco para integrar todas las funciones.,Positive,Positive
36,Muy buen tel√©fono.,Positive,Positive
37,"Llevo 2 semanas usandolo y me pareci√≥ excelente, para lo qe cuesta un gama media/alta hoy en d√≠a la verdad que muy bien este motorola.
Vengo de un iphone xs max y puedo decir que la camara de este motorola en cuanto a fotos es muy superior, en cuanto a video siento qe te qeda debiendo el 4k 60 fps.
En general por el precio est√° muy bien.",Positive,Positive
38,"Buen celular, para las cosas que hago que son b√°sicas funciona muy bien, no se el tiempo que dure, pero hasta ahora no veo que sea malo.",Positive,Positive
39,Por ahora muy bueno. C√≥modo y f√°cil de entender. Resiste bien el lavado de manos.,Positive,Positive
40,Recomiendo.,Positive,Positive
41,Hasta el momento el celu funcionando ala perfecci√≥n üí™.,Positive,Positive
42,"La verdad esperaba m√°s,la bater√≠a no dura nada y eso que no lo uso demasiado. Y la m√∫sica en bluetooth se escucha a bajo volumen. Nada mucho precio m parece. Ahora ya est√°.",Positive,Negative
43,No me anda al segundo d√≠a dejo de andar.,Negative,Negative
44,Lo mejor para mi bb.,Positive,Positive
45,"Muy conforme, la pantalla es sensible y r√°pida, el tel√©fono en s√≠ es r√°pido tambi√©n en sus funciones, me gusta mucho el manejo por gestos. La c√°mara saca buenas fotos, si bien lo m√≠o no es nada profesional, solo fotos cotidianas. Solamente le criticar√≠a un par de cosas: cada vez que lo cargo empieza como en un loop a notificarme que empieza a cargarse (y vi que es una falla que otras personas reportaron), pero creo que es un tema del cargador, como si no hiciera bien contacto. La otra falla, que ocurri√≥ 2 veces (hace un mes que lo tengo) es que se me activ√≥ solo el asistente de voz de google dici√©ndome que deb√≠a sacarlo de modo avi√≥n (una vez ocurri√≥ de madrugada mientras estaba durmiendo y me hizo despertar sobresaltada, y otra vez de ma√±ana, a√∫n en la cama, pero despierta). Fuera de eso, me parece un muy buen celular, estoy muy contenta con √©l.",Positive,Positive
46,Me sorprendio la calidad y el alcance.,Positive,Positive
47,"El celular. Era como lo esperaba. Muy buen producto de samsung. Lo malo es que no viene de fabrica con su cargador. Muy bueno, conforme.",Positive,Positive
48,Relaci√≥n precio calidad; buen producto; la bater√≠a no dura mucho.,Positive,Positive
49,Muy satisfecha con el producto.,Positive,Positive
50,"Bueno relaci√≥n precio, calidad, r√°pido no se tilda.
Buena c√°mara, y muy lindo est√©ticamente.",Positive,Positive
51,"Hermoso tel√©fono super recomendable,, la c√°mara re lindo.",Positive,Positive
52,"Es un celu bien basico como para zafar. Tenia una buena relacion precio/calidad al momento de la compra, 14-02-24.",Positive,Positive
53,"Buen producto a buen precio, versatil y practico !!.",Positive,Positive
54,El producto con ub mes de uso me pareci√≥ con una muy buena relaci√≥n costo/calidad.,Positive,Positive
55,"Excelente producto. No s√© pod√≠a esperar m√°s con motorola.
üíØ recomendable.",Positive,Positive
56,"Mal√≠simo. Compre 3 cables y ninguno duro m√°s de 2 semanas. Todos perdieron conectividad sin estar siquiera da√±ados. No hay otra, hay que comprar los originales.",Negative,Negative
57,Excelente me encanto !.,Positive,Positive
58,Buena calidad muy r√°pido el sistema operativo buena calidad de fotos video.,Positive,Positive
59,"Me sali√≥ muy malo, no carga cuando enchufo el celular y tampoco conect√°ndolo al usb de la computadora (dice que no reconoce el accesorio y que no est√° funcionando). No lo recomiendo para nada.",Negative,Negative
60,Tal cual lo esperado.,Positive,Positive
61,Exelente!!!.,Positive,Positive
62,"Hola, conforme.",Positive,Positive
63,Me parecio muy lindo. En 2 a√±os hablamos.,Positive,Positive
64,Fue un regalo para m√≠ mam√° y le encant√≥.,Positive,Positive
65,El cable no dice que es marca soul como la descripcion.,Positive,Negative
66,Excelente equipo en relaci√≥n calidad y costo.,Positive,Positive
67,Excelente producto en comparaci√≥n precio/calidad.,Positive,Positive
68,Hermosos y son buenosimos.,Positive,Positive
69,"Muy buen producto, pero en la descripci√≥n dec√≠a que ten√≠a nfc y no tiene.",Positive,Negative
70,"Hasta ahora anda perfecto ,muy buen precio.",Positive,Positive
71,Perfecto. Funciona genial. Siempre nos resulto buena esta marca.,Positive,Positive
72,Excelente celular muy contenta quedo mi mam√° con su regalo espetacular es un ca√±o.,Positive,Positive
73,No es el tr√≠pode m√°s fuerte del mundo pero tampoco parece que se vaya a romper. Hace lo prometido y si lo consigues por un buen precio seguro te va a resultar una buena compra.,Positive,Positive
74,"Excelente, super√≥ mis espectativas.",Positive,Positive
75,Mejor de lo esperado.,Positive,Positive
76,"Esta bueno, tiene buen desempe√±o!.",Positive,Positive
77,"Hermoso,s√∫per completo,la bater√≠a sigue cargada al 100% y eso que lo he estado investigando lo que ten√≠a durante bastante tiempo. La pantalla se ve perfecto y responde r√°pido. Un 10!.",Positive,Positive
78,100%recomendable.,Positive,Positive
79,El producto que esperaba y s√∫per r√°pido!!.,Positive,Positive
80,Andan muy bien yo los utilizo para las maquinas cosechadoras se escucha hasta 3 km fuerte y claro lo unico que tiene poca vida util el cargador la bateria te sura de 3 dias aproximadamente.,Positive,Positive
81,"R√°pido, √°gil, buena repuesta al uso.",Positive,Positive
82,"Pedi una devoluci√≥n parcial del dinero, a√∫n no le gana a mi samsung, pero si tcl se esfuerza un poco m√°s, podr√≠a ser la mejor empresa de tel√©fonos en el mundo, le falta, pero es el que podr√≠a destronar a samsung si mejora un poco. La bater√≠a malisama, mi a52 con 4500 le dura mas que a este con 5100 es mala la administraci√≥n de la energ√≠a, y √±e faltan algunas herramientas b√°sicas que no pude poner. En relaci√≥n precio calidad, comprenlo, la c√°mara es excelente, de las mejores c√°maras que v√≠ en mi vida y soy muy exigente con eso.",Positive,Negative
83,Una maravilla.,Positive,Positive
84,Muy bueno la verdad muy conforme con el equipo me encant√≥ lo recomiendo al 100.,Positive,Positive
85,Excelente!!.,Positive,Positive
86,Excelente me encant√≥ el que tenga la posibilidad de comprarlo no lo dude.,Positive,Positive
87,"Era lo que esperaba, f√°cil configuraci√≥n y funcionamiento de 10.",Positive,Positive
88,"Una falla, se tilda con el sensor de luz y ten√©s que reiniciar para vuelva a responder.
De noche sin claridad es un dolor de huebos.",Positive,Negative
89,"Se lo compr√© a mi madre. Ella usa uno b√°sico. Llamadas, e internet para saber que n√∫mero sali√≥ a la quiniela, viejita timbera. La verdad ella contenta con el uso que le da. No me puedo quejar. Buen precio, buena calidad en relaci√≥n al precio.",Positive,Positive
90,Una nave.,Positive,Positive
91,Muy f√°cil de usar!!.,Positive,Positive
92,Muy bueno.,Positive,Positive
93,"Rapido, buena camara, bien la pantalla pero la bateria maliiiissima.",Positive,Negative
94,2 d√≠as de uso y hasta el momento excelente.,Positive,Positive
95,"El tel√©fono en si esta bueno, √≥sea, android 13, relacion precio calidad esta bien, la c√°mara p√©sima p√©sima, las fotos mal√≠simas, me desilusiono sinceramente, donde le haces zoom, pierde total nitidez, la bater√≠a d√°ndole un uso muy leve, us√°ndolo para wsp o chusmear instagram de a poco te dura todo el d√≠a, yo lo cargo de noche nada mas, pero donde le das un uso mas intenso, no se, youtube, o alguna app pesadita, te destruye la bater√≠a enseguida, te la consume al toque. Despu√©s de eso, nada mas que agregar, es el android el que maneja la funcionalidad del tel√©fono.",Negative,Negative
96,"Muy bueno , se lo compre para mi hijo de 12 a√±os , m√°s que suficiente , lo usa todos los d√≠as sin problemas.",Positive,Positive
97,Mi producto me pareci√≥ execelente fue m√°s de lo q esperaba en cuanto a calidad y precio. Muy satisfecha.,Positive,Positive
98,Exelente.,Positive,Positive
99,"Es muy lindo, para una persona que solo lo usa para whatsapp y facebook, youtube, es perfecto y adem√°s la pantalla es grande casi como los celulares de primeras marcas. Ya hace una semana que se est√° usando y no hubo ning√∫n inconveniente.",Positive,Positive
100,"El celu es impresionante, nada que envidiarle a otros de igual caracter√≠sticas pero el triple de precio. Me anim√© a comprarlo porque mis hijos tienen el 30 se y sali√≥ buen√≠simo. Recomiendo la marca tcl ampliamente!.",Positive,Positive
101,El producto es original. Cumpli√≥ todas mis expectativas.,Positive,Positive
102,Aun no lo probe del todo pero me gustan los atajos motorola que hacen mas rapida la respuesta de apps comunes.,Positive,Positive
103,Gracias por avisarme antes de llegar y por. Conf√≠rmame qui√©n recibi√≥ la compra!! exelente.,Positive,Positive
104,"Anda bien. Recomendable. Las fotos del coraz√≥n son tomadas con el moto g23. Macro, angular y normal.",Positive,Positive
105,Bueno y econ√≥mico sim palavras.,Positive,Positive
106,"Es un maquinon!!!.
Lo tengo hace 1 semana igual. Pero viene rindiendo bien!.
Lastima q ahora motorola lo lanzo en promocion y viene con los auriculares de regalo en la caja. Pero bueno.
Es un euipo muy recomendable!.",Positive,Positive
107,No solo que no es carga r√°pida sino que es excesivamente lenta la carga con este cable. No lo recomiendo para nada.,Negative,Negative
108,Hasta ahora me funciona bien.,Positive,Positive
109,Bien. Lindo y moderno. Muy pr√°ctico. Gracias.,Positive,Positive
110,"Muy buen producto, excelente precio calidad, recomendable.",Positive,Positive
111,"Mi experiencia luego de varias horas de prueba es la siguiente:.
- el router tiene que tener el nombre de fabrica para que el repetidor no falle.
- es preferible acercarse con el repetidor a la zona donde queres hacer llegar la se√±al (con muy poca se√±al la agarra y la aumenta) que ponerlo a mitad de camino entre el router y la zona a dar se√±al.
- anda bien si no tiene paredes o losas. Las distancias aproximadas son 12 mtrs sin interferencias, 8 mtrs con 1 interferencia, 5 mtrs con 2 interferencias, no pasa las tres interferencias. Saludos.",Negative,Positive
112,Excelente lo recomiendo.,Positive,Positive
113,No es carga r√°pida.,Negative,Negative
114,"Muy lindo celular.
Es bastar comodo y espero que siga funcionando excelentemente.",Positive,Positive
115,"Se ve que es de buen material, libiano, el sistema es bien r√°pido ya bater√≠a entre varios msjes y llamadas me dura como tres d√≠as, por ahora muy conforme con la compra.",Positive,Positive
116,Funciona muy bien.,Positive,Positive
117,Genial.,Positive,Positive
118,Muy bueno! funciona desde una planta baja a un primer piso.,Positive,Positive
119,Hasta ahora todo bien siempre compro motorola que es el que m√°s soporta el d√≠a a dia.,Positive,Positive
120,Una vez que lo comenc√© a usar es mejor de lo que esperaba.,Positive,Positive
121,"Me pareci√≥ una muy buena compra, porque la mi band 8 ha dado un buen salto de calidad con respecto a las anteriores generaciones con su borde de metal y las mallas intercambiables de una forma m√°s f√°cil y tambi√©n para combinarlas. Su nueva pantalla de 60hz es bastante bueno compar√°ndola con la band 4/6 que tuve es bastante superior.",Positive,Positive
122,Hasta ahora bueno!.,Positive,Positive
123,"Lo compr√© para mi hijo adolescente y me parece justo lo que buscaba como para √©l, lo suficientemente r√°pido y con espacio de almacenamiento para el precio que tiene. Teniendo en cuenta precio-calidad fue una excelente compra.",Positive,Positive
124,"Lo compr√© m√°s q nada x la bater√≠a y si, rinde el d√≠a con varias aplicaciones en uso.",Positive,Positive
125,Exelente.,Positive,Positive
126,"Muy buen producto, r√°pido, eficaz y de uso pr√°ctico.",Positive,Positive
127,"Extraordinario dispositivo que acerca la conectividad a los sectores m√°s reconditos de m√≠ domicilio. Recomendable por precio, prestaci√≥n y calidad.",Positive,Positive
128,"Hola, llegue a pensar que m iban a estafar jaja, revise y es el celu realmente todo lo dem√°s 100:).",Positive,Positive
129,El precio accesible y buena calidad. Llega en tempo y forma.,Positive,Positive
130,"No parece tan grande, me queda bien. La bateria me duro una semana carg√°ndolo al 80% las funciones son practicas.",Positive,Positive
131,"Lo tengo hace 2 semanas.
Excelente tel√©fono. Ven√≠a con el moto 6g plus y pase al edge 40 neo; y definitivamente lo vale. Muy buena la duraci√≥n de la bater√≠a, sonido y c√°mara 10 puntos. Almacenamiento interno bastante amplio( y si sos alguien que usa pocas apps como yo, ven√≠s sobrado). Tiene nfc y para alguien que viaja en transporte p√∫blico todos los d√≠as le viene excelente. Carga el tel√©fono en menos de 1 hora(yo active la carga segura). El tel√©fono no se calienta aunque claro, no lo uso en juegos. Solamente veo videos o streams; quiz√°s en la carga si calienta pero nada fuera de lo normal. Viene con su protector el cual es bueno aunque le pienso comprar otro. Trae cargador de 68w con conector tipo c(b√°sicamente es el mismo puerto que usa el tel√©fono, si ten√©s un cable usb a tipo c no te sirve en el cargador). La verdad puntos negativos no le entr√≥ al tel√©fono. Esperemos que dure 5 a√±os o m√°s, como el antiguo que tuve(de hecho todav√≠a sirve jajajaja).",Positive,Positive
132,Por ahora cumple con su cometido no he sacado fotos todav√≠a y la bater√≠a a√∫n no la he utilizado tanto como para saber su duraci√≥n pero por ahora me parece bien.,Positive,Positive
133,Bell√≠simo.,Positive,Positive
134,"Bueno producto, funciona muy bien üëç.",Positive,Positive
135,"Me parece completo para el precio y calidad, buena memoria ram y procesdor.",Positive,Positive
136,Muy buen tel√©fono lo recomiendo.,Positive,Positive
137,"Lo compre para mi mama (60 a√±os, huerfana digital).
Es celu es muy lindo esteticamente, funciona muy bien si lo usas dentro de sus limites.",Positive,Positive
138,Excelente relaci√≥n precio-calidad!.,Positive,Positive
139,Espectacular en todo sentido.,Positive,Positive
140,Excelente producto.,Positive,Positive
141,Relaci√≥n precio calidad excelente.,Positive,Positive
142,"Lo amooo fue mi mejor auto regalo. La bater√≠a me dura 6 d√≠as! el cargador esta genial.
La malla met√°lica es un golaso es cancherisimo.",Positive,Positive
143,"Mi producto me pareci√≥ muy bueno, todas las caracter√≠sticas del tel√©fono son muy buenas!.",Positive,Positive
144,Muy bien de acuerdo con el precio bien muy bien.,Positive,Positive
145,Excelente.,Positive,Positive
146,"Lo utilizo con auriculares inal√°mbricos ,y me sirvi√≥ a la perfecci√≥n.",Positive,Positive
147,"Por el momento todo bien, es lo que esperaba.
No le pongo 5 estrellas por la camara. De dia toma buenas fotos pero en interiores con luz de lampara mete mucho ruido en la imagen.
Para el uso com√∫n de ver mails, whatsapp y llamadas 10 puntos.",Positive,Positive
148,"Excelente lo us√© en la pileta y funciona de 10. Tambi√©n fui a un balneario y me met√≠ con el reloj sin inconvenientes a pesar que el balneario ten√≠a agua saladas, despu√©s que me met√≠ me di cuenta. La bater√≠a f√°cil dura 1 semana.",Positive,Positive
149,"Muy bueno el reloj, la imagen, las funciones.
Por ahi demora en conectarse.
Pero por el precio, y calidad le doy 10.",Positive,Positive
150,Hasta ahora anda perfecto. Relaci√≥n precio calidad acorde.,Positive,Positive
151,Est√°n buenos. No tienen el alcance que dicen en las caracter√≠sticas pero exelente prestaciones.,Positive,Positive
152,"Lo √∫nico para objetar es que la c√°mara es bastante mala, obviamente comparando con equipos que cuestan el triple. La verdad que por el precio es tremenda compra! un ca√±o este celu! feliz feliz.",Positive,Positive
153,Excelente.,Positive,Positive
154,Le encanto a mi hijo por la duraci√≥n de la bater√≠a la definici√≥n de la pantalla.,Positive,Positive
155,Muy bueno.,Positive,Positive
156,Muy buen tel√©fono.,Positive,Positive
157,"Me pareci√≥ muy bueno , la calidad es üëç y el repartidor muy cordial. Satisfecho.",Positive,Positive
158,Muy bueno teniendo en cuenta precio calidad.,Positive,Positive
159,"Tenia que cambiar el celu y gano el bolsillo, pero aceptable, el sonido medio chotito, eso que tenia un j6 viejitooo. Y bueno anda!!!!.",Positive,Positive
160,Excelente.,Positive,Positive
161,Buen celular.,Positive,Positive
162,Es muy r√°pido.,Positive,Positive
163,"La verdad excelente, muy c√≥modo, pr√°ctico, de f√°cil manejo, muestra los msj de whatsapp, duraci√≥n de la bater√≠a un üîü. Super recomendable. Me encanto.",Positive,Positive
164,"Se lo compramos para mam√° y qued√≥ muy contenta. Pantalla grande para los chicatos, facil de usar y buena memoria para que siga descargando todas las fotos de todos los grupos habidos y por haber. Modelo facil de conseguir funda que no es cosa menor.",Positive,Positive
165,Funciona bien.,Positive,Positive
166,"Responde a las necesidades de uso, buena memoria ram 8+8 ,excelente camara ,lo malo lector de huellas al costado ,es incomodo. Lo recomiendo gama intermedia.",Positive,Positive
167,"Hermoso el celular , es rapido buena memoria de almacenamiento y lo compre color rosa por que decidi salir del closet 1 beso grande.",Positive,Positive
168,"Lo necesitaba de urgencia y me salv√≥ la vida, siempre uso la marca soul para cargadores y nunca decepciona.",Positive,Positive
169,Lo q esperaba.,Positive,Positive
170,"Supera lo que esperaba, buena relacion precio calidad, para los q no podemos darnos lujos como un serie s, la verdad q esta bueno y mi anterior celu un a10 era bueno tambien, pero este supera.",Positive,Positive
171,Muy bueno.,Positive,Positive
172,Hasta ahora ning√∫n problema.,Positive,Positive
173,Hermoso. Lo compr√© para m√≠ hija en un momento muy delicado y me respondi√≥ a la perfecci√≥n. Impecable!!! lo re contra recomiendo.,Positive,Positive
174,"Excelente celular por su precio, muy eficaz en su funcionamiento. Lo recomiendo.",Positive,Positive
175,Motorola nunca decepciona!!! hace m√°s de dos meses que compr√© este equipo y la verdad ni una sola queja. La calidad es suprema.,Positive,Positive
176,"Muy bueno, no tiene lo malo es que no tiene nfc y no trae funda ni auriculares pero para ser motorola es un buen telefono.",Positive,Positive
177,Lindo ch√©.,Positive,Positive
178,Exelente.,Positive,Positive
179,Lo que esperaba exelente.,Positive,Positive
180,Buen celular para el precio que tiene buscaba un celu con 260 de ram de memoria y este era el m√°s barato que hab√≠a con esa caracter√≠stica. La bater√≠a me dura todo el d√≠a y llega a la noche al 50% eso si active la funci√≥n de ahorro de energ√≠a y la otra de consumo con ia. El punto d√©bil es la c√°mara la calidad de las fotos deja mucho que desear si buscas un celu por la c√°mara de fotos b√∫scate otro.,Positive,Positive
181,"Es un producto marca kodak lo que es sin√≥nimo de garant√≠a. Lo √∫nico que no me ha gustado son los iconos que aparecen en la pantalla, son mu infantiles. Posiblemente sea el protector de pantalla. Tengo que averiguar.",Positive,Positive
182,Bueno en relaci√≥n precio calidad.,Positive,Positive
183,Es nuevo x ahora todo perfecto.,Positive,Positive
184,Duro menos de 10 dias andando‚Ä¶.,Negative,Negative
185,Muy bueno.,Positive,Positive
186,"El producto es exelente, tiene muy buena calidad de audio y me viene perfecto para mi trabajo, el radio de alcance me sobra ya que trabajo en un predio de futbol de aprox 6000metros cuadrados, los recomiendo.",Positive,Positive
187,Bien gracias.,Positive,Positive
188,Mi producto me pareci√≥ espectacular. Totalmente recomendable.,Positive,Positive
189,"Es el 1er smartwach que tengo y la verdad me sorprendi√≥, me gusto mucho , se conecto r√°pido con mi moto g22 y anda re bien, se puede cambiar el fondo con la imagen q quieras, lo de las pulsaciones y dem√°s bueno no se q tan ver√≠dico sea. Es resistente a los golpes , ya les di un par y esta perfecto. Lo volver√≠a a comprar, precio calidad bien.",Positive,Positive
190,Todo 10 puntos.,Positive,Positive
191,"Muy bueno, realmente es lo que esperaba , buena memoria, buena c√°mara, muy buena velocidad.",Positive,Positive
192,Me gusto es ideal para los chicos.,Positive,Positive
193,Exelente.,Positive,Positive
194,"Muy buen celular, est√©ticamente lindo, la bater√≠a dura m√°s de un d√≠a, las fotos muy lindas, como siempre motorola, sin quejas.",Positive,Positive
195,Es lo que esperaba.,Positive,Positive
196,"Excelente r√°pido buen precio, dura 2 d√≠as la bater√≠a, gran capacidad de almacenamiento y trae todo lo que dice.",Positive,Positive
197,"Chiquito y confiable , buen producto recibe baja se√±al y repite perfecto muy buena opci√≥n poco dinero.",Positive,Positive
198,Muy conforme.,Positive,Positive
199,"Vengo de un motorola.
Estamos probando est√© nuevo juguete.
Muy buena camara. Genial!!.",Positive,Positive
200,"Compr√© uno para regalar a mi mujer y me termin√© comprando otro igual para m√≠, muy recomendable, la relaci√≥n precio calidad es perfecta, cero problema, bater√≠a bien duradera, pantalla con buena definici√≥n.",Positive,Positive
201,Muy bueno.,Positive,Positive
202,Muy buen producto y precio.,Positive,Positive
203,Hermoso muy lindo la verdad muy conforme.,Positive,Positive
204,Excelente.,Positive,Positive
205,Me gusto. Le falta m√°s sonido cuando me llaman o suena un mje.,Positive,Negative
206,"El reloj me pareci√≥ hermoso, lo que m√°s me gust√≥ es la personalizaci√≥n de la pantalla con mi foto. Un producto excelente, lo recomiendo totalmente!!.",Positive,Positive
207,"El reloj me gusto, para todo lo que quisiera que registrara consume much√≠sima bater√≠a pero en relaci√≥n precio calidad, fue un producto satisfactorio. Hay algunas funciones que pens√© que tenia que no tiene, como responder mensajes de whatsapp con mensajes predeterminados o emoticones y no, lo cual le quito varios puntos, pero es un buen producto.",Positive,Positive
208,"Muy buena calidad en el campo m√°s de 13 km de distancia y se escucha bien claro.
En la ciudad hace un poco de interferencia.
Pero muy bueno el producto.",Positive,Positive
209,Reci√©n llevo pocas horas de tener el producto pero me parece de buena calidad y excelente precio.,Positive,Positive
210,Exelente.,Positive,Positive
211,Barato y bueno dentro de todo !.,Positive,Positive
212,"El celular es muy bueno, pantalla, c√°mara, rendimiento, dise√±o, carga al palo. No le doy 5 estrellas porque se calienta un mont√≥n.",Positive,Positive
213,Excelente con 2metros de cable puedo trabajar mientas est√° cargando.,Positive,Positive
214,"Muy buen tel√©fono b√°sico, se lo compramos a mi abuela, est√° muy conforme.",Positive,Positive
215,Excelente producto. Fue un regalo y me comentan que funciona excelente. Motorola jam√°s decepciona.,Positive,Positive
216,En el poco tiempo que lo tengo me parece muy bueno. Teniendo en cuenta relaci√≥n calidad y precio.,Positive,Positive
217,"El celular es fant√°stico. Ya tenia un moto g32 y lo cambie solo porque necesitaba una c√°mara con mas zoom y la tecnolog√≠a nfc. Si buscas un celular que puedas usar muchas aplicaciones, sacar fotos, escuchar m√∫sica y que tenga carga r√°pida. Este cumple con todas esas expectativas.",Positive,Positive
218,100% original.,Positive,Positive
219,Es como esper√°bamos y m[as tambi√©n.,Positive,Positive
220,"Muy buen producto, muy feliz.",Positive,Positive
221,Me encant√≥ este producto.,Positive,Positive
222,El producto es de calidad y es excelente su funcionamiento.,Positive,Positive
